public_ip,mode,block_number,block_hash,tx_number,action_type,process_time,delay_time,tps
47.239.100.174,scalability,1,abbdb161dea8a26f673643474d630d78030e4beeb6bd033cc57e83f94df00379,100000,BlkGenerator,196,0,509403.5902765043
47.239.100.174,scalability,1,abbdb161dea8a26f673643474d630d78030e4beeb6bd033cc57e83f94df00379,100000,BlkAdder,0,0,0
47.239.100.174,scalability,2,8c58aee1e1e590a0be36d3fd0c09dbe05a57d0dd617ab2988ca90397ddde6ba1,100000,BlkGenerator,249,0,400211.3115725103
47.239.100.174,scalability,2,8c58aee1e1e590a0be36d3fd0c09dbe05a57d0dd617ab2988ca90397ddde6ba1,100000,BlkAdder,0,0,0
47.239.100.174,scalability,3,56564a13765efe4f97e2cba1e59efd7b8f70467163835097d0afbbdfddfe4fdb,100000,BlkGenerator,184,0,543150.5993666864
47.239.100.174,scalability,3,56564a13765efe4f97e2cba1e59efd7b8f70467163835097d0afbbdfddfe4fdb,100000,BlkAdder,0,0,0
47.239.100.174,scalability,4,e2167dcb25b2918eeb1c363d6fc14641577e48acb9df21f109ed8915aacf033c,100000,BlkGenerator,172,0,579223.261606186
47.239.100.174,scalability,4,e2167dcb25b2918eeb1c363d6fc14641577e48acb9df21f109ed8915aacf033c,100000,BlkAdder,0,0,0
47.239.100.174,scalability,5,06d99f964120243a489b459f326aa9b7afc8f7a323bd52f8c3d57b603fa88b07,100000,BlkGenerator,180,0,554191.6283812617
47.239.100.174,scalability,5,06d99f964120243a489b459f326aa9b7afc8f7a323bd52f8c3d57b603fa88b07,100000,BlkAdder,0,0,0
47.239.100.174,scalability,6,9ffb53249790d3771c5df3902619b99322f0470a648b7603fbde348f31e74c4b,100000,BlkGenerator,181,0,550136.7089721796
47.239.100.174,scalability,6,9ffb53249790d3771c5df3902619b99322f0470a648b7603fbde348f31e74c4b,100000,BlkAdder,0,0,0
47.239.100.174,scalability,7,3546109653c841c86adaf9adcaf1ccb3865aa70a758d6d51835c6477cfb4673e,100000,BlkGenerator,169,0,590862.8961735719
47.239.100.174,scalability,7,3546109653c841c86adaf9adcaf1ccb3865aa70a758d6d51835c6477cfb4673e,100000,BlkAdder,0,0,0
47.239.100.174,scalability,8,bbb320f773fe9a71f8ba3bc7286bcd89279fe55be7f88603270d1e33d1716b6b,100000,BlkGenerator,186,0,537108.8504796381
47.239.100.174,scalability,8,bbb320f773fe9a71f8ba3bc7286bcd89279fe55be7f88603270d1e33d1716b6b,100000,BlkAdder,0,0,0
47.239.100.174,scalability,9,76c32ee74973abeff5791ff5d729e8320d238b613cf1354b938ede8d3cf72873,100000,BlkGenerator,172,0,578951.6343804639
47.239.100.174,scalability,9,76c32ee74973abeff5791ff5d729e8320d238b613cf1354b938ede8d3cf72873,100000,BlkAdder,0,0,0
47.239.100.174,scalability,10,170f78c1ccc1c0971757635973d2423d57d66af8a7ec6f37c9e7d1dac3de8ca1,100000,BlkGenerator,184,0,540715.9078620094
47.239.100.174,scalability,10,170f78c1ccc1c0971757635973d2423d57d66af8a7ec6f37c9e7d1dac3de8ca1,100000,BlkAdder,0,0,0
47.239.100.174,scalability,11,e7b42744e6cf779012d9b9946ba9860112e9b302e53f317282f6f79fa4332f09,100000,BlkGenerator,167,0,597571.4695477579
47.239.100.174,scalability,11,e7b42744e6cf779012d9b9946ba9860112e9b302e53f317282f6f79fa4332f09,100000,BlkAdder,0,0,0
47.239.100.174,scalability,12,1a9c7dff5c80e50441c398c4cbdc4b08121f89b6c4d003f56b24efba2c9d8776,100000,BlkGenerator,161,0,617722.4572999352
47.239.100.174,scalability,12,1a9c7dff5c80e50441c398c4cbdc4b08121f89b6c4d003f56b24efba2c9d8776,100000,BlkAdder,0,0,0
47.239.100.174,scalability,13,77baea17f042ae8e8c27511d7f3db02d2d1c4f3c79569c2da1d2fa223318ec43,100000,BlkGenerator,188,0,530554.6418225613
47.239.100.174,scalability,13,77baea17f042ae8e8c27511d7f3db02d2d1c4f3c79569c2da1d2fa223318ec43,100000,BlkAdder,0,0,0
47.239.100.174,scalability,14,62b36ae66d664ebeeec00a87a071ba43899134eb49752708b532a93189959ebb,100000,BlkGenerator,201,0,496295.1566555662
47.239.100.174,scalability,14,62b36ae66d664ebeeec00a87a071ba43899134eb49752708b532a93189959ebb,100000,BlkAdder,0,0,0
47.239.100.174,scalability,15,137777d0e396e70daa876da646f50796a173795e7f89ce8c0624385c34dc7108,100000,BlkGenerator,164,0,608542.7227418501
47.239.100.174,scalability,15,137777d0e396e70daa876da646f50796a173795e7f89ce8c0624385c34dc7108,100000,BlkAdder,0,0,0
47.239.100.174,scalability,16,4f857ccfd2c49dccc35ed1ab7ca8e549e76d3739f272e7bbd1efbf5ee74b9ad7,100000,BlkGenerator,166,0,600232.8903614603
47.239.100.174,scalability,16,4f857ccfd2c49dccc35ed1ab7ca8e549e76d3739f272e7bbd1efbf5ee74b9ad7,100000,BlkAdder,0,0,0
47.239.100.174,scalability,17,038e6e51c9c452c69caa642545f16939152625fe4df15ceaa2d167d640bc7b3f,100000,BlkGenerator,179,0,557578.3258153189
47.239.100.174,scalability,17,038e6e51c9c452c69caa642545f16939152625fe4df15ceaa2d167d640bc7b3f,100000,BlkAdder,0,0,0
47.239.100.174,scalability,18,037aa273b73247620b25f940bf428f513dc5cc6ab354c393ec2082b75469b33d,100000,BlkGenerator,173,0,574722.55268769
47.239.100.174,scalability,18,037aa273b73247620b25f940bf428f513dc5cc6ab354c393ec2082b75469b33d,100000,BlkAdder,0,0,0
47.239.100.174,scalability,19,213d1bb5e6625cbc5bdb07a5dd8bf8d69183f52d923414697685f5a545a2ef3d,100000,BlkGenerator,175,0,569917.4759494825
47.239.100.174,scalability,19,213d1bb5e6625cbc5bdb07a5dd8bf8d69183f52d923414697685f5a545a2ef3d,100000,BlkAdder,0,0,0
47.239.100.174,scalability,20,c480f7cb1253870cbdc0468cc1b96a486f2752745cf0eb2a03414eb1deb1ee41,100000,BlkGenerator,168,0,593348.5626131071
47.239.100.174,scalability,20,c480f7cb1253870cbdc0468cc1b96a486f2752745cf0eb2a03414eb1deb1ee41,100000,BlkAdder,0,0,0
47.239.100.174,scalability,21,82190d414c1447ec619e9e7b640e19911a0831bb7b023391db623b7f2eb7f118,100000,BlkGenerator,159,0,625394.7804551623
47.239.100.174,scalability,21,82190d414c1447ec619e9e7b640e19911a0831bb7b023391db623b7f2eb7f118,100000,BlkAdder,0,0,0
47.239.100.174,scalability,22,2384bcba907bb4f9a5f5b114ee9e0b0edd21612e38527c41f6210e088aad0d00,100000,BlkGenerator,190,0,525331.4841665091
47.239.100.174,scalability,22,2384bcba907bb4f9a5f5b114ee9e0b0edd21612e38527c41f6210e088aad0d00,100000,BlkAdder,0,0,0
47.239.100.174,scalability,23,10a5ea18067917e665ca475a40f7125f88f07ede39550cb28938f2c5150d59a4,100000,BlkGenerator,181,0,552059.1807441758
47.239.100.174,scalability,23,10a5ea18067917e665ca475a40f7125f88f07ede39550cb28938f2c5150d59a4,100000,BlkAdder,0,0,0
47.239.100.174,scalability,24,e8f5f358c6c5cb87c3fd0cd102b12a03f12ad727ecd5ad3888b69c60adc247e0,100000,BlkGenerator,176,0,565486.1201431811
47.239.100.174,scalability,24,e8f5f358c6c5cb87c3fd0cd102b12a03f12ad727ecd5ad3888b69c60adc247e0,100000,BlkAdder,0,0,0
47.239.100.174,scalability,25,bc92ea0ec1373711e98f35156516d69eae2364f3916048547bb795172f9aad61,100000,BlkGenerator,187,0,531991.2966223872
47.239.100.174,scalability,25,bc92ea0ec1373711e98f35156516d69eae2364f3916048547bb795172f9aad61,100000,BlkAdder,0,0,0
47.239.100.174,scalability,26,93d53a0e0f2fa12ff778d3b1b75f9c2947c0a0d5883eb4fcd8343dc757df0dfa,100000,BlkGenerator,172,0,579005.2689479474
47.239.100.174,scalability,26,93d53a0e0f2fa12ff778d3b1b75f9c2947c0a0d5883eb4fcd8343dc757df0dfa,100000,BlkAdder,0,0,0
47.239.100.174,scalability,27,4d5a544cfb7643a265a6ab70db3bd8b4dfd4e4a75b28b6b6fb7f201c768a9c74,100000,BlkGenerator,173,0,574858.0100715123
47.239.100.174,scalability,27,4d5a544cfb7643a265a6ab70db3bd8b4dfd4e4a75b28b6b6fb7f201c768a9c74,100000,BlkAdder,0,0,0
47.239.100.174,scalability,28,39ae35893d1a93729fb6e9c8c2845a3dd0c6bf203ca452fcf32325c7c2464fc9,100000,BlkGenerator,167,0,595418.8473881952
47.239.100.174,scalability,28,39ae35893d1a93729fb6e9c8c2845a3dd0c6bf203ca452fcf32325c7c2464fc9,100000,BlkAdder,0,0,0
47.239.100.174,scalability,29,8fb9917b453f34fd25b87c8ba83638d0bb6238d6f2477a2912fa9c5ecf130827,100000,BlkGenerator,184,0,541146.0390815669
47.239.100.174,scalability,29,8fb9917b453f34fd25b87c8ba83638d0bb6238d6f2477a2912fa9c5ecf130827,100000,BlkAdder,0,0,0
47.239.100.174,scalability,30,91454b39e109b780a8cc6fa7f32065d5f1a9a188e9dec4fb4a5c3ea886373f1e,100000,BlkGenerator,177,0,564563.479517637
47.239.100.174,scalability,30,91454b39e109b780a8cc6fa7f32065d5f1a9a188e9dec4fb4a5c3ea886373f1e,100000,BlkAdder,0,0,0
47.239.100.174,scalability,31,50c419b92dfd14742defc466a18b349a4e6c6c25b93f16e4fdb3653f553a1ceb,100000,BlkGenerator,176,0,566623.6032728179
47.239.100.174,scalability,31,50c419b92dfd14742defc466a18b349a4e6c6c25b93f16e4fdb3653f553a1ceb,100000,BlkAdder,0,0,0
47.239.100.174,scalability,32,50c3d3b1ab668cbaa4545398d1f221c926e7ac26b5c5f8a066ca2abde599e9a4,100000,BlkGenerator,191,0,523319.09905383905
47.239.100.174,scalability,32,50c3d3b1ab668cbaa4545398d1f221c926e7ac26b5c5f8a066ca2abde599e9a4,100000,BlkAdder,0,0,0
47.239.100.174,scalability,33,85068892ebbee0a5e13664a8cb2317fa56bace66485be86db99845237a84247b,100000,BlkGenerator,153,0,651262.1460390236
47.239.100.174,scalability,33,85068892ebbee0a5e13664a8cb2317fa56bace66485be86db99845237a84247b,100000,BlkAdder,0,0,0
47.239.100.174,scalability,34,f625d93a68e31437ffddc03102f6a0ccc0040904620191cbc7550d1a1aeeb55d,100000,BlkGenerator,177,0,564327.7163914628
47.239.100.174,scalability,34,f625d93a68e31437ffddc03102f6a0ccc0040904620191cbc7550d1a1aeeb55d,100000,BlkAdder,0,0,0
47.239.100.174,scalability,35,ce5ed45345f8b6789fba584fe628288ab04c4b9535091b0f8924dff9964d0eec,100000,BlkGenerator,190,0,525375.6435851634
47.239.100.174,scalability,35,ce5ed45345f8b6789fba584fe628288ab04c4b9535091b0f8924dff9964d0eec,100000,BlkAdder,0,0,0
47.239.100.174,scalability,36,7d5d94869cd326d83734b162a4c4ad9c8dc70ea8386f81b7f5a28cb29e26d765,100000,BlkGenerator,175,0,569229.7183451353
47.239.100.174,scalability,36,7d5d94869cd326d83734b162a4c4ad9c8dc70ea8386f81b7f5a28cb29e26d765,100000,BlkAdder,0,0,0
47.239.100.174,scalability,37,6a5a0744aac763a997530ef4871657867b802890ceab7d31159a370b9cff5a16,100000,BlkGenerator,175,0,569450.1389458338
47.239.100.174,scalability,37,6a5a0744aac763a997530ef4871657867b802890ceab7d31159a370b9cff5a16,100000,BlkAdder,0,0,0
47.239.100.174,scalability,38,79b64b0b65883825505e68492633deee7f5ea6c4a4ee34b1401e133818304b61,100000,BlkGenerator,178,0,561561.1399691141
47.239.100.174,scalability,38,79b64b0b65883825505e68492633deee7f5ea6c4a4ee34b1401e133818304b61,100000,BlkAdder,0,0,0
47.239.100.174,scalability,39,c60e575cbdef9799f398930992d3d8c63d11957d6a9271f97b3f8c3e1b684341,100000,BlkGenerator,194,0,514980.79121648765
47.239.100.174,scalability,39,c60e575cbdef9799f398930992d3d8c63d11957d6a9271f97b3f8c3e1b684341,100000,BlkAdder,0,0,0
47.239.100.174,scalability,40,2ca056affb1ecc605b95a8d29818a830dbf1a3365f1357e982b66c1e08c36ee7,100000,BlkGenerator,194,0,513718.8622154639
47.239.100.174,scalability,40,2ca056affb1ecc605b95a8d29818a830dbf1a3365f1357e982b66c1e08c36ee7,100000,BlkAdder,0,0,0
47.239.100.174,scalability,41,b949f1dd2f41cd57bb3dbf400f4d476056b9edbe4a2498734e20156c318a6c66,100000,BlkGenerator,173,0,575261.4563319029
47.239.100.174,scalability,41,b949f1dd2f41cd57bb3dbf400f4d476056b9edbe4a2498734e20156c318a6c66,100000,BlkAdder,0,0,0
47.239.100.174,scalability,42,0c32c8f4bc408d5c3c18fb45bdc83c83ea0c8d8a38d7d05e990a1c994faedc84,100000,BlkGenerator,183,0,546081.0493493445
47.239.100.174,scalability,42,0c32c8f4bc408d5c3c18fb45bdc83c83ea0c8d8a38d7d05e990a1c994faedc84,100000,BlkAdder,0,0,0
47.239.100.174,scalability,43,77b85fc567a4a9db09545042c9302080586c5657d76799d3f42df58dcb21ade0,100000,BlkGenerator,161,0,620670.821023362
47.239.100.174,scalability,43,77b85fc567a4a9db09545042c9302080586c5657d76799d3f42df58dcb21ade0,100000,BlkAdder,0,0,0
47.239.100.174,scalability,44,ee6914ca7ef5701bd6b7fa337da35cd8f383842b9427ba4a6075d82464055c06,100000,BlkGenerator,178,0,559722.3777006605
47.239.100.174,scalability,44,ee6914ca7ef5701bd6b7fa337da35cd8f383842b9427ba4a6075d82464055c06,100000,BlkAdder,0,0,0
47.239.100.174,scalability,45,ba27f6027efea57f0c41aedafc3606131e723b1d6f0195922d86e5b4b80bd0b6,100000,BlkGenerator,183,0,545250.3244239431
47.239.100.174,scalability,45,ba27f6027efea57f0c41aedafc3606131e723b1d6f0195922d86e5b4b80bd0b6,100000,BlkAdder,0,0,0
47.239.100.174,scalability,46,69938aeaa7a19db166081556b57ef846c2001d7c10ee5fd311246addbba567c3,100000,BlkGenerator,190,0,525331.4841665091
47.239.100.174,scalability,46,69938aeaa7a19db166081556b57ef846c2001d7c10ee5fd311246addbba567c3,100000,BlkAdder,0,0,0
47.239.100.174,scalability,47,c0dffe62eb596e11e30fdc1c81a9c1e06ce04c399ce373be3732794d4bc27d71,100000,BlkGenerator,193,0,515870.7640561886
47.239.100.174,scalability,47,c0dffe62eb596e11e30fdc1c81a9c1e06ce04c399ce373be3732794d4bc27d71,100000,BlkAdder,0,0,0
47.239.100.174,scalability,48,20823ab0a5c314243bf5f824e432ebfb8714606749259d78c32c869b2c7374e9,100000,BlkGenerator,189,0,528398.7931371564
47.239.100.174,scalability,48,20823ab0a5c314243bf5f824e432ebfb8714606749259d78c32c869b2c7374e9,100000,BlkAdder,0,0,0
47.239.100.174,scalability,49,815da3faa2dbf173f6c8ef32d081f78f6ccdb0cd5c939294034bea8b3a10b4bb,100000,BlkGenerator,186,0,534830.859740607
47.239.100.174,scalability,49,815da3faa2dbf173f6c8ef32d081f78f6ccdb0cd5c939294034bea8b3a10b4bb,100000,BlkAdder,0,0,0
47.239.100.174,scalability,50,7bb5d64281d9edd2ed1841351930306ec09c43e8ef4658624c1f6600f3af0bf5,100000,BlkGenerator,189,0,527991.4676578826
47.239.100.174,scalability,50,7bb5d64281d9edd2ed1841351930306ec09c43e8ef4658624c1f6600f3af0bf5,100000,BlkAdder,0,0,0
47.239.100.174,scalability,51,5c259b920ab436dede305bf93ad4da868a7a90aa83da27ccb9a00898ab13488c,100000,BlkGenerator,191,0,521129.1827131027
47.239.100.174,scalability,51,5c259b920ab436dede305bf93ad4da868a7a90aa83da27ccb9a00898ab13488c,100000,BlkAdder,0,0,0
47.239.100.174,scalability,52,8d361209ace445d853b456a25abcc4deb5e5103f5cc8198981e11c1797ea05d3,100000,BlkGenerator,173,0,577787.5359672741
47.239.100.174,scalability,52,8d361209ace445d853b456a25abcc4deb5e5103f5cc8198981e11c1797ea05d3,100000,BlkAdder,0,0,0
47.239.100.174,scalability,53,ef9471d0fccd1907f1653b11dd0a297834981b1452f82fd71c27efe8a2da3ce2,100000,BlkGenerator,160,0,622560.3416611155
47.239.100.174,scalability,53,ef9471d0fccd1907f1653b11dd0a297834981b1452f82fd71c27efe8a2da3ce2,100000,BlkAdder,0,0,0
47.239.100.174,scalability,54,404cd4fb4a53dd4fb19911e39e5841dca9d2fa26b686f7f16303db376d957fb8,100000,BlkGenerator,178,0,559597.0900951315
47.239.100.174,scalability,54,404cd4fb4a53dd4fb19911e39e5841dca9d2fa26b686f7f16303db376d957fb8,100000,BlkAdder,0,0,0
47.239.100.174,scalability,55,25acda3e5bcf61b640b7c8b36cdf2b518d0054c2ce23fd331605bebc1b414b78,100000,BlkGenerator,189,0,526789.9003840298
47.239.100.174,scalability,55,25acda3e5bcf61b640b7c8b36cdf2b518d0054c2ce23fd331605bebc1b414b78,100000,BlkAdder,0,0,0
47.239.100.174,scalability,56,e066a34b39f27388a3de2a14bba3a61b90fdd9221c8d1613b990a106814f0a04,100000,BlkGenerator,184,0,542970.7013009578
47.239.100.174,scalability,56,e066a34b39f27388a3de2a14bba3a61b90fdd9221c8d1613b990a106814f0a04,100000,BlkAdder,0,0,0
47.239.100.174,scalability,57,63d9897b70301a7c02e8db0d865ea09de5637fe40a633097b3351706ff9cedad,100000,BlkGenerator,181,0,551322.622972511
47.239.100.174,scalability,57,63d9897b70301a7c02e8db0d865ea09de5637fe40a633097b3351706ff9cedad,100000,BlkAdder,0,0,0
47.239.100.174,scalability,58,54411c572452a85a2d96b9424f710895ce8ab37a758bd79bf090432fc2435bfd,100000,BlkGenerator,197,0,507135.39500775916
47.239.100.174,scalability,58,54411c572452a85a2d96b9424f710895ce8ab37a758bd79bf090432fc2435bfd,100000,BlkAdder,0,0,0
47.239.100.174,scalability,59,151894b91e3c7a6b476eedb4b7d09aa76abceee01409ce7dd15d47218d30f519,100000,BlkGenerator,205,0,487144.26290201576
47.239.100.174,scalability,59,151894b91e3c7a6b476eedb4b7d09aa76abceee01409ce7dd15d47218d30f519,100000,BlkAdder,0,0,0
47.239.100.174,scalability,60,507b3df7fcaad49fd1b10c1a46d620c576e1e275fe4e7b7188d9e26a564a14aa,100000,BlkGenerator,191,0,523056.32270482887
47.239.100.174,scalability,60,507b3df7fcaad49fd1b10c1a46d620c576e1e275fe4e7b7188d9e26a564a14aa,100000,BlkAdder,0,0,0
47.239.100.174,scalability,61,878c05cd2daf6f65cd1732fd5f244b4710d434cc01abecf910d70c8d0081cf8e,100000,BlkGenerator,175,0,569703.1846408022
47.239.100.174,scalability,61,878c05cd2daf6f65cd1732fd5f244b4710d434cc01abecf910d70c8d0081cf8e,100000,BlkAdder,0,0,0
47.239.100.174,scalability,62,eb3133514789ca0923b595fc2100bf4df71c31e09c2c37cf061159000d6008e6,100000,BlkGenerator,170,0,585792.1960763639
47.239.100.174,scalability,62,eb3133514789ca0923b595fc2100bf4df71c31e09c2c37cf061159000d6008e6,100000,BlkAdder,0,0,0
47.239.100.174,scalability,63,27587429649aa538cfaf729854b7c81ebac3c6f3e341c857d2b1c3b4990aa123,100000,BlkGenerator,176,0,565610.8597285068
47.239.100.174,scalability,63,27587429649aa538cfaf729854b7c81ebac3c6f3e341c857d2b1c3b4990aa123,100000,BlkAdder,0,0,0
47.239.100.174,scalability,64,0328025feb265f971fe451a5323ab56d408813bb87f7d661b177b41db4fc8773,100000,BlkGenerator,190,0,523724.7302817639
47.239.100.174,scalability,64,0328025feb265f971fe451a5323ab56d408813bb87f7d661b177b41db4fc8773,100000,BlkAdder,0,0,0
47.239.100.174,scalability,65,dee41765f6874f1ce8ca47423e34bba902f3ac936e601bab5620678fd44f0705,100000,BlkGenerator,169,0,589928.7366086177
47.239.100.174,scalability,65,dee41765f6874f1ce8ca47423e34bba902f3ac936e601bab5620678fd44f0705,100000,BlkAdder,0,0,0
47.239.100.174,scalability,66,dcdbaff96ce49a104bc5d3abe2a52f9a98181ce3e6b1edfb86e8ef144cd28bee,100000,BlkGenerator,173,0,577994.5899706379
47.239.100.174,scalability,66,dcdbaff96ce49a104bc5d3abe2a52f9a98181ce3e6b1edfb86e8ef144cd28bee,100000,BlkAdder,0,0,0
47.239.100.174,scalability,67,3d9ba97ac297385c5949bbc3c9e211af8a8c20ddcf38809de5321a7f1bcfd0e9,100000,BlkGenerator,173,0,577363.8720330714
47.239.100.174,scalability,67,3d9ba97ac297385c5949bbc3c9e211af8a8c20ddcf38809de5321a7f1bcfd0e9,100000,BlkAdder,0,0,0
47.239.100.174,scalability,68,461f3e5ed56dd7e745211435fa0907b95be59e5a8ef50339e1a0764b21fe1c53,100000,BlkGenerator,177,0,561980.8701711794
47.239.100.174,scalability,68,461f3e5ed56dd7e745211435fa0907b95be59e5a8ef50339e1a0764b21fe1c53,100000,BlkAdder,0,0,0
47.239.100.174,scalability,69,e2e2f241500961cea02e770afb0081ac6459ce5555445ba9a8d16701a68f12ce,100000,BlkGenerator,190,0,525613.1277134777
47.239.100.174,scalability,69,e2e2f241500961cea02e770afb0081ac6459ce5555445ba9a8d16701a68f12ce,100000,BlkAdder,0,0,0
47.239.100.174,scalability,70,44ea3ed210354be50575457656e487b085b4c05bd8f60f4d80e491821b83597a,100000,BlkGenerator,179,0,558652.9759444029
47.239.100.174,scalability,70,44ea3ed210354be50575457656e487b085b4c05bd8f60f4d80e491821b83597a,100000,BlkAdder,0,0,0
47.239.100.174,scalability,71,4f9c1247191ff17f99f2df531859ab5fce774760559be29cf593cc0ca1eed79d,100000,BlkGenerator,180,0,555003.635273811
47.239.100.174,scalability,71,4f9c1247191ff17f99f2df531859ab5fce774760559be29cf593cc0ca1eed79d,100000,BlkAdder,0,0,0
47.239.100.174,scalability,72,9115815c5fc52d7441d4647051527201daf9c1af25bd42339a74f0b8c9c04823,100000,BlkGenerator,180,0,553820.2520989788
47.239.100.174,scalability,72,9115815c5fc52d7441d4647051527201daf9c1af25bd42339a74f0b8c9c04823,100000,BlkAdder,0,0,0
47.239.100.174,scalability,73,abfaeff9caf75cabcd00a7105d8b5a6ebe7c166056c33a093cdcc98df6333e07,100000,BlkGenerator,166,0,601561.654053924
47.239.100.174,scalability,73,abfaeff9caf75cabcd00a7105d8b5a6ebe7c166056c33a093cdcc98df6333e07,100000,BlkAdder,0,0,0
47.239.100.174,scalability,74,f0a34df393ff22e5df5be6275283d7d708a7ce0cfcbd546b9801b360ed54708d,100000,BlkGenerator,183,0,546385.3874691975
47.239.100.174,scalability,74,f0a34df393ff22e5df5be6275283d7d708a7ce0cfcbd546b9801b360ed54708d,100000,BlkAdder,0,0,0
47.239.100.174,scalability,75,0daec67b88049150ad98f75dba4041d9a963b1b27b5e173f79cfbed07c5cea3c,100000,BlkGenerator,176,0,565243.1958850295
47.239.100.174,scalability,75,0daec67b88049150ad98f75dba4041d9a963b1b27b5e173f79cfbed07c5cea3c,100000,BlkAdder,0,0,0
47.239.100.174,scalability,76,81b7d4629c7e94547b4431de79103d8ebc531a5135712140fb857cf29ff82f6c,100000,BlkGenerator,178,0,560883.9531101015
47.239.100.174,scalability,76,81b7d4629c7e94547b4431de79103d8ebc531a5135712140fb857cf29ff82f6c,100000,BlkAdder,0,0,0
47.239.100.174,scalability,77,94d40dfc3001fb1270ce40a7dbe0ced99adfb7b956e0512b280c6819dff3848b,100000,BlkGenerator,182,0,547435.2657798216
47.239.100.174,scalability,77,94d40dfc3001fb1270ce40a7dbe0ced99adfb7b956e0512b280c6819dff3848b,100000,BlkAdder,0,0,0
47.239.100.174,scalability,78,2db84ae63f4b4773f9aa7b72e1af79c21d134b42af1a6c544e5a966339ed20cc,100000,BlkGenerator,190,0,525154.920701607
47.239.100.174,scalability,78,2db84ae63f4b4773f9aa7b72e1af79c21d134b42af1a6c544e5a966339ed20cc,100000,BlkAdder,0,0,0
47.239.100.174,scalability,79,f7243375505680c06274c079d9c8b6b6a813b2e62b1a9b028a517273136db202,100000,BlkGenerator,161,0,617711.0100810437
47.239.100.174,scalability,79,f7243375505680c06274c079d9c8b6b6a813b2e62b1a9b028a517273136db202,100000,BlkAdder,0,0,0
47.239.100.174,scalability,80,1faf547f29b3e4c8ac4db546e6ff058d26b39f36c9ff0a72d9842b5c69093a46,100000,BlkGenerator,159,0,625019.5318603707
47.239.100.174,scalability,80,1faf547f29b3e4c8ac4db546e6ff058d26b39f36c9ff0a72d9842b5c69093a46,100000,BlkAdder,0,0,0
47.239.100.174,scalability,81,4b614b5c80f3ac9485a2f14407462c5f9d98f2fa6dd914e32d6989d3263c9a34,100000,BlkGenerator,156,0,638488.0602732728
47.239.100.174,scalability,81,4b614b5c80f3ac9485a2f14407462c5f9d98f2fa6dd914e32d6989d3263c9a34,100000,BlkAdder,0,0,0
47.239.100.174,scalability,82,5f82f85397fffab4a14299b4ab0553c2d227e2b1047e14d01a70174ff44c1ec4,100000,BlkGenerator,193,0,515498.46123709326
47.239.100.174,scalability,82,5f82f85397fffab4a14299b4ab0553c2d227e2b1047e14d01a70174ff44c1ec4,100000,BlkAdder,0,0,0
47.239.100.174,scalability,83,b4f357420b6619333a4e87b9714f0f845f284c1f0819f74ce2c48cbb165c6fa4,100000,BlkGenerator,167,0,597022.0539946746
47.239.100.174,scalability,83,b4f357420b6619333a4e87b9714f0f845f284c1f0819f74ce2c48cbb165c6fa4,100000,BlkAdder,0,0,0
47.239.100.174,scalability,84,72aa3f92750f0bb51276faba54dbb7e21f27208255c0fdd69c4b84f10af26e77,100000,BlkGenerator,168,0,591877.0789682398
47.239.100.174,scalability,84,72aa3f92750f0bb51276faba54dbb7e21f27208255c0fdd69c4b84f10af26e77,100000,BlkAdder,0,0,0
47.239.100.174,scalability,85,694e29275a75f7dfd2c73c22b5114fa210943378a642fb80387dab1d52b42019,100000,BlkGenerator,160,0,624765.7128576783
47.239.100.174,scalability,85,694e29275a75f7dfd2c73c22b5114fa210943378a642fb80387dab1d52b42019,100000,BlkAdder,0,0,0
47.239.100.174,scalability,86,210c3fd66c4912b6ac6273b5c0b94290ebd843f46767a9e2c050141ebf0d8521,100000,BlkGenerator,181,0,550163.9488567594
47.239.100.174,scalability,86,210c3fd66c4912b6ac6273b5c0b94290ebd843f46767a9e2c050141ebf0d8521,100000,BlkAdder,0,0,0
47.239.100.174,scalability,87,98962287d8e1628b5f28faecbe984ee75d45d928545ade296d51bdc3f4be1330,100000,BlkGenerator,162,0,615009.9324104085
47.239.100.174,scalability,87,98962287d8e1628b5f28faecbe984ee75d45d928545ade296d51bdc3f4be1330,100000,BlkAdder,0,0,0
47.239.100.174,scalability,88,6b0509a7dbb74799f96f4efc7a971a6569235498f23d7c938dd34dbc415c856b,100000,BlkGenerator,164,0,608309.5078776082
47.239.100.174,scalability,88,6b0509a7dbb74799f96f4efc7a971a6569235498f23d7c938dd34dbc415c856b,100000,BlkAdder,0,0,0
47.239.100.174,scalability,89,126c98237f433189ecba40cd125857abc38247347a939565ddfab19e8239c398,100000,BlkGenerator,169,0,589855.6623194304
47.239.100.174,scalability,89,126c98237f433189ecba40cd125857abc38247347a939565ddfab19e8239c398,100000,BlkAdder,0,0,0
47.239.100.174,scalability,90,c326b09fd0bcf90e155f89d57150ce73d0743c033d863204dd0f4e0cd63365b4,100000,BlkGenerator,194,0,512844.18255201523
47.239.100.174,scalability,90,c326b09fd0bcf90e155f89d57150ce73d0743c033d863204dd0f4e0cd63365b4,100000,BlkAdder,0,0,0
47.239.100.174,scalability,91,bd35634b269d9bba3d38993b5bdae8b42c14450eafe489f32587bce9732e2b35,100000,BlkGenerator,179,0,558306.7672363257
47.239.100.174,scalability,91,bd35634b269d9bba3d38993b5bdae8b42c14450eafe489f32587bce9732e2b35,100000,BlkAdder,0,0,0
47.239.100.174,scalability,92,1f2060a92e351b5f0a58c178f9e50464ec00ff55c7928ac26ffa53e796c989b2,100000,BlkGenerator,175,0,569859.0168792241
47.239.100.174,scalability,92,1f2060a92e351b5f0a58c178f9e50464ec00ff55c7928ac26ffa53e796c989b2,100000,BlkAdder,0,0,0
47.239.100.174,scalability,93,85d7c2ddc80ed24dc2cd84146eb320455bd45521274e8279ee081ee69983071a,100000,BlkGenerator,180,0,554219.2713125021
47.239.100.174,scalability,93,85d7c2ddc80ed24dc2cd84146eb320455bd45521274e8279ee081ee69983071a,100000,BlkAdder,0,0,0
47.239.100.174,scalability,94,d84370baa51b44b8a3eb80ef43ed934f84241e69fa51a87800a0e72989d0951e,100000,BlkGenerator,182,0,547255.5135992995
47.239.100.174,scalability,94,d84370baa51b44b8a3eb80ef43ed934f84241e69fa51a87800a0e72989d0951e,100000,BlkAdder,0,0,0
47.239.100.174,scalability,95,07b06b448e5e33becb18c7b76273d3e8ef0cfff473e7c255e5e74512c02c4f85,100000,BlkGenerator,185,0,539840.2072986396
47.239.100.174,scalability,95,07b06b448e5e33becb18c7b76273d3e8ef0cfff473e7c255e5e74512c02c4f85,100000,BlkAdder,0,0,0
47.239.100.174,scalability,96,89af300872ad1f866e118e92efc1116f5fbc9fa1f4ada9a84f53b43a1d03d75a,100000,BlkGenerator,170,0,587278.3758229238
47.239.100.174,scalability,96,89af300872ad1f866e118e92efc1116f5fbc9fa1f4ada9a84f53b43a1d03d75a,100000,BlkAdder,0,0,0
47.239.100.174,scalability,97,7319e8f9ba8dcfd14dd99ec76267a1e9292c0666a083a17658dab73c73e02628,100000,BlkGenerator,164,0,607098.192061584
47.239.100.174,scalability,97,7319e8f9ba8dcfd14dd99ec76267a1e9292c0666a083a17658dab73c73e02628,100000,BlkAdder,0,0,0
47.239.100.174,scalability,98,c9c752f2915dc4b38fe2df7c3183661e81a11c5ca19a8c2d2d40136d12b6be5a,100000,BlkGenerator,185,0,540029.7016335898
47.239.100.174,scalability,98,c9c752f2915dc4b38fe2df7c3183661e81a11c5ca19a8c2d2d40136d12b6be5a,100000,BlkAdder,0,0,0
47.239.100.174,scalability,99,bae722d49eb12729c407b6f2dab7c60fe70400218a52798755362726bbc129dc,100000,BlkGenerator,187,0,533891.4278392346
47.239.100.174,scalability,99,bae722d49eb12729c407b6f2dab7c60fe70400218a52798755362726bbc129dc,100000,BlkAdder,0,0,0
47.239.100.174,scalability,100,c825e877782639347c7fb113b56acad2012f70963657bcc3137cce9ff02554f9,100000,BlkGenerator,176,0,567884.9692206348
47.239.100.174,scalability,100,c825e877782639347c7fb113b56acad2012f70963657bcc3137cce9ff02554f9,100000,BlkAdder,0,0,0
